曲ID,曲名,親曲名,親曲ID,種別,発売日,円盤タイトル,円盤グループID,目視確認,表記揺れ,YouTube（MV/音源）,YouTube（ライブ）,Spotify,Apple Music,iTunes,初収録,他収録円盤
1,センチメンタルピリオド,センチメンタルピリオド,1,オリジナル,2008/07/23,センチメンタルピリオド,period_1st_Single_20080723,,,,,,,,,
2,5分後のスターダスト,5分後のスターダスト,2,オリジナル,2008/07/23,センチメンタルピリオド,period_1st_Single_20080723,,,,,,,,,
3,ガリレオのショーケース,ガリレオのショーケース,3,オリジナル,2008/07/23,センチメンタルピリオド,period_1st_Single_20080723,,,,,,,,,
4,マスターボリューム,マスターボリューム,4,オリジナル,2009/01/28,マスターボリューム,mastervolume_2nd_Single_20090128,,,,,,,,,
5,一人思うは雨の中,一人思うは雨の中,5,オリジナル,2009/01/28,マスターボリューム,mastervolume_2nd_Single_20090128,,,,,,,,,
6,スノウリバース,スノウリバース,6,オリジナル,2009/01/28,マスターボリューム,mastervolume_2nd_Single_20090128,,,,,,,,,
7,カラクリカルカレ,カラクリカルカレ,7,オリジナル,2009/04/15,UNISON SQUARE GARDEN,UNISON_SQUARE_GARDEN_1st_Album_20090415,,,,,,,,,
8,サンポサキマイライフ,サンポサキマイライフ,8,オリジナル,2009/04/15,UNISON SQUARE GARDEN,UNISON_SQUARE_GARDEN_1st_Album_20090415,,,,,,,,,
9,デイライ協奏楽団,デイライ協奏楽団,9,オリジナル,2009/04/15,UNISON SQUARE GARDEN,UNISON_SQUARE_GARDEN_1st_Album_20090415,,,,,,,,,
10,等身大の地球,等身大の地球,10,オリジナル,2009/04/15,UNISON SQUARE GARDEN,UNISON_SQUARE_GARDEN_1st_Album_20090415,,,,,,,,,
11,MR. アンディ -party style-,MR. アンディ -party style-,138,style,2009/04/15,UNISON SQUARE GARDEN,UNISON_SQUARE_GARDEN_1st_Album_20090415,,,,,,,,,
12,WINDOW開ける,WINDOW開ける,12,オリジナル,2009/04/15,UNISON SQUARE GARDEN,UNISON_SQUARE_GARDEN_1st_Album_20090415,,,,,,,,,
13,いつかの少年,いつかの少年,13,オリジナル,2009/04/15,UNISON SQUARE GARDEN,UNISON_SQUARE_GARDEN_1st_Album_20090415,,,,,,,,,
14,箱庭ロック・ショー,箱庭ロック・ショー,14,オリジナル,2009/04/15,UNISON SQUARE GARDEN,UNISON_SQUARE_GARDEN_1st_Album_20090415,,,,,,,,,
15,クローバー,クローバー,15,オリジナル,2009/04/15,UNISON SQUARE GARDEN,UNISON_SQUARE_GARDEN_1st_Album_20090415,,,,,,,,,
16,cody beats,cody beats,16,オリジナル,2010/02/10,cody beats,cody_beats_3rd_Single_20100210,,,,,,,,,
17,ギャクテンサヨナラ,ギャクテンサヨナラ,17,オリジナル,2010/02/10,cody beats,cody_beats_3rd_Single_20100210,,,,,,,,,
18,空の飛び方,空の飛び方,18,オリジナル,2010/02/10,cody beats,cody_beats_3rd_Single_20100210,,,,,,,,,
19,メッセンジャーフロム全世界,メッセンジャーフロム全世界,19,オリジナル,2010/04/07,JET CO.,JET_CO_2nd_Album_20100407,,,,,,,,,
20,コーヒーカップシンドローム,コーヒーカップシンドローム,20,オリジナル,2010/04/07,JET CO.,JET_CO_2nd_Album_20100407,,,,,,,,,
21,チャイルドフッド・スーパーノヴァ,チャイルドフッド・スーパーノヴァ,21,オリジナル,2010/04/07,JET CO.,JET_CO_2nd_Album_20100407,,,,,,,,,
22,気まぐれ雑踏,気まぐれ雑踏,22,オリジナル,2010/04/07,JET CO.,JET_CO_2nd_Album_20100407,,,,,,,,,
23,キライ = キライ,キライ = キライ,23,オリジナル,2010/04/07,JET CO.,JET_CO_2nd_Album_20100407,,,,,,,,,
24,ライドオンタイム,ライドオンタイム,24,オリジナル,2010/04/07,JET CO.,JET_CO_2nd_Album_20100407,,,,,,,,,
25,meet the world time,meet the world time,25,オリジナル,2010/04/07,JET CO.,JET_CO_2nd_Album_20100407,,,,,,,,,
26,夜が揺れている,夜が揺れている,26,オリジナル,2010/04/07,JET CO.,JET_CO_2nd_Album_20100407,,,,,,,,,
27,アイラブニージュー,アイラブニージュー,27,オリジナル,2010/04/07,JET CO.,JET_CO_2nd_Album_20100407,,,,,,,,,
28,スノウアンサー,スノウアンサー,28,オリジナル,2010/04/07,JET CO.,JET_CO_2nd_Album_20100407,,,,,,,,,
29,"""23:25""","""23:25""",29,オリジナル,2010/04/07,JET CO.,JET_CO_2nd_Album_20100407,,,,,,,,,
30,スカースデイル,スカースデイル,30,オリジナル,2010/11/24,スカースデイル,Scarsdale_4th_Single_20101124,,,,,,,,,
31,カウンターアイデンティティ,カウンターアイデンティティ,31,オリジナル,2010/11/24,スカースデイル,Scarsdale_4th_Single_20101124,,,,,,,,,
32,さよなら第九惑星,さよなら第九惑星,32,オリジナル,2010/11/24,スカースデイル,Scarsdale_4th_Single_20101124,,,,,,,,,
33,オリオンをなぞる,オリオンをなぞる,33,オリジナル,2011/05/11,オリオンをなぞる,Orion_5th_Single_20110511,,,,,,,,,
34,僕は君になりたい,僕は君になりたい,34,オリジナル,2011/05/11,オリオンをなぞる,Orion_5th_Single_20110511,,,,,,,,,
35,UNOストーリー,UNOストーリー,35,オリジナル,2011/05/11,オリオンをなぞる,Orion_5th_Single_20110511,,,,,,,,,
36,over driver,over driver,36,オリジナル,2011/05/11,オリオンをなぞる,Orion_5th_Single_20110511,,,,,,,,,
37,3 minutes replay,3 minutes replay,37,オリジナル,2011/07/06,Populus Populus,Populus_Populus_3rd_Full_Album_20110706,,,,,,,,,
38,"kid,I like quartet","kid,I like quartet",38,オリジナル,2011/07/06,Populus Populus,Populus_Populus_3rd_Full_Album_20110706,,,,,,,,,
39,プロトラクト・カウントダウン,プロトラクト・カウントダウン,39,オリジナル,2011/07/06,Populus Populus,Populus_Populus_3rd_Full_Album_20110706,,,,,,,,,
40,きみのもとへ,きみのもとへ,40,オリジナル,2011/07/06,Populus Populus,Populus_Populus_3rd_Full_Album_20110706,,,,,,,,,
41,僕らのその先,僕らのその先,41,オリジナル,2011/07/06,Populus Populus,Populus_Populus_3rd_Full_Album_20110706,,,,,,,,,
42,ワールドワイド・スーパーガール,ワールドワイド・スーパーガール,42,オリジナル,2011/07/06,Populus Populus,Populus_Populus_3rd_Full_Album_20110706,,,,,,,,,
43,CAPACITY超える,CAPACITY超える,43,オリジナル,2011/07/06,Populus Populus,Populus_Populus_3rd_Full_Album_20110706,,,,,,,,,
44,場違いハミングバード,場違いハミングバード,44,オリジナル,2011/07/06,Populus Populus,Populus_Populus_3rd_Full_Album_20110706,,,,,,,,,
45,未完成デイジー,未完成デイジー,45,オリジナル,2011/07/06,Populus Populus,Populus_Populus_3rd_Full_Album_20110706,,,,,,,,,
46,シュプレヒコール〜世界が終わる前に〜,シュプレヒコール〜世界が終わる前に〜,46,オリジナル,2011/07/06,Populus Populus,Populus_Populus_3rd_Full_Album_20110706,,,,,,,,,
47,流星のスコール,流星のスコール,47,オリジナル,2012/07/25,流星のスコール,RyuuseiNoSquall6th_Single_20120725,,,,,,,,,
48,さよならサマータイムマシン,さよならサマータイムマシン,48,オリジナル,2012/07/25,流星のスコール,RyuuseiNoSquall6th_Single_20120725,,,,,,,,,
49,誰かが忘れているかもしれない僕らに大事な001 のこと,誰かが忘れているかもしれない僕らに大事な001 のこと,49,オリジナル,2012/07/25,流星のスコール,RyuuseiNoSquall6th_Single_20120725,,,,,,,,,
50,フルカラープログラム,フルカラープログラム,50,オリジナル,2012/07/25,流星のスコール,RyuuseiNoSquall6th_Single_20120725,,,,,,,,,
51,リニアブルーを聴きながら,リニアブルーを聴きながら,51,オリジナル,2012/09/19,リニアブルーを聴きながら,LinearBlue_7th_Single_20120919,,,,,,,,,
52,さわれない歌,さわれない歌,52,オリジナル,2012/09/19,リニアブルーを聴きながら,LinearBlue_7th_Single_20120919,,,,,,,,,
53,三日月の夜の真ん中,三日月の夜の真ん中,53,オリジナル,2012/09/19,リニアブルーを聴きながら,LinearBlue_7th_Single_20120919,,,,,,,,,
54,ラブソングは突然に ~What is the name of that mystery?~,ラブソングは突然に ~What is the name of that mystery?~,54,オリジナル,2012/09/19,リニアブルーを聴きながら,LinearBlue_7th_Single_20120919,,ラブソングは突然に〜What is the name of that mystery?〜,,,,,,,
55,to the CIDER ROAD,to the CIDER ROAD,55,オリジナル,2013/02/06,CIDER ROAD,CIDERROAD_4th_Album_20130206,,,,,,,,,
56,ため息 shooting the MOON,ため息 shooting the MOON,56,オリジナル,2013/02/06,CIDER ROAD,CIDERROAD_4th_Album_20130206,,,,,,,,,
57,like coffeeのおまじない,like coffeeのおまじない,57,オリジナル,2013/02/06,CIDER ROAD,CIDERROAD_4th_Album_20130206,,,,,,,,,
58,お人好しカメレオン,お人好しカメレオン,58,オリジナル,2013/02/06,CIDER ROAD,CIDERROAD_4th_Album_20130206,,,,,,,,,
59,光のどけき春の日に,光のどけき春の日に,59,オリジナル,2013/02/06,CIDER ROAD,CIDERROAD_4th_Album_20130206,,,,,,,,,
60,クロスハート1号線(advantage in a long time),クロスハート1号線(advantage in a long time),60,オリジナル,2013/02/06,CIDER ROAD,CIDERROAD_4th_Album_20130206,,,,,,,,,
61,セレナーデが止まらない,セレナーデが止まらない,61,オリジナル,2013/02/06,CIDER ROAD,CIDERROAD_4th_Album_20130206,,,,,,,,,
62,Miss.サンディ,Miss.サンディ,62,オリジナル,2013/02/06,CIDER ROAD,CIDERROAD_4th_Album_20130206,,,,,,,,,
63,crazy birthday,crazy birthday,63,オリジナル,2013/02/06,CIDER ROAD,CIDERROAD_4th_Album_20130206,,,,,,,,,
64,君はともだち,君はともだち,64,オリジナル,2013/02/06,CIDER ROAD,CIDERROAD_4th_Album_20130206,,,,,,,,,
65,シャンデリア・ワルツ,シャンデリア・ワルツ,65,オリジナル,2013/02/06,CIDER ROAD,CIDERROAD_4th_Album_20130206,,,,,,,,,
66,桜のあと (all quartets lead to the?),桜のあと (all quartets lead to the?),66,オリジナル,2013/11/06,桜のあと（all quartets lead to the?）,SakuraNo_8th_Single_20131106,,桜のあと(all quartets lead to the?),,,,,,,
67,ノンフィクションコンパス,ノンフィクションコンパス,67,オリジナル,2013/11/06,桜のあと（all quartets lead to the?）,SakuraNo_8th_Single_20131106,,,,,,,,,
68,セク × カラ × シソンズール,セク × カラ × シソンズール,68,オリジナル,2013/11/06,桜のあと（all quartets lead to the?）,SakuraNo_8th_Single_20131106,,セク×カラ×シソンズール,,,,,,,
69,harmonized finale,harmonized finale,69,オリジナル,2014/02/05,harmonized finale,harmonizedfinale_9th_Single_20140205,,,,,,,,,
70,ピストルギャラクシー,ピストルギャラクシー,70,オリジナル,2014/02/05,harmonized finale,harmonizedfinale_9th_Single_20140205,,,,,,,,,
71,三月物語,三月物語,71,オリジナル,2014/02/05,harmonized finale,harmonizedfinale_9th_Single_20140205,,,,,,,,,
72,I wanna believe、夜を行く,I wanna believe、夜を行く,72,オリジナル,2014/02/05,harmonized finale,harmonizedfinale_9th_Single_20140205,,,,,,,,,
73,サイレンインザスパイ,サイレンインザスパイ,73,オリジナル,2014/08/27,Catcher In The Spy,CatcherInTheSpy_5th_Album_20140827,,,,,,,,,
74,シューゲイザースピーカー,シューゲイザースピーカー,74,オリジナル,2014/08/27,Catcher In The Spy,CatcherInTheSpy_5th_Album_20140827,,,,,,,,,
75,蒙昧termination,蒙昧termination,75,オリジナル,2014/08/27,Catcher In The Spy,CatcherInTheSpy_5th_Album_20140827,,,,,,,,,
76,君が大人になってしまう前に,君が大人になってしまう前に,76,オリジナル,2014/08/27,Catcher In The Spy,CatcherInTheSpy_5th_Album_20140827,,,,,,,,,
77,メカトル時空探検隊,メカトル時空探検隊,77,オリジナル,2014/08/27,Catcher In The Spy,CatcherInTheSpy_5th_Album_20140827,,,,,,,,,
78,流れ星を撃ち落せ,流れ星を撃ち落せ,78,オリジナル,2014/08/27,Catcher In The Spy,CatcherInTheSpy_5th_Album_20140827,,,,,,,,,
79,何かが変わりそう,何かが変わりそう,79,オリジナル,2014/08/27,Catcher In The Spy,CatcherInTheSpy_5th_Album_20140827,,,,,,,,,
80,天国と地獄,天国と地獄,80,オリジナル,2014/08/27,Catcher In The Spy,CatcherInTheSpy_5th_Album_20140827,,,,,,,,,
81,instant EGOIST,instant EGOIST,81,オリジナル,2014/08/27,Catcher In The Spy,CatcherInTheSpy_5th_Album_20140827,,,,,,,,,
82,黄昏インザスパイ,黄昏インザスパイ,82,オリジナル,2014/08/27,Catcher In The Spy,CatcherInTheSpy_5th_Album_20140827,,,,,,,,,
83,シュガーソングとビターステップ,シュガーソングとビターステップ,83,オリジナル,2015/05/20,シュガーソングとビターステップ,SugarSongAnd_10th_Single_20150520,,,,,,,,,
84,シグナルABC,シグナルABC,84,オリジナル,2015/05/20,シュガーソングとビターステップ,SugarSongAnd_10th_Single_20150520,,,,,,,,,
85,東京シナリオ,東京シナリオ,85,オリジナル,2015/05/20,シュガーソングとビターステップ,SugarSongAnd_10th_Single_20150520,,,,,,,,,
86,アンドロメダ,アンドロメダ,86,オリジナル,2015/07/22,DUGOUT ACCIDENT,DUGOUTACCIDENT_20150722,,,,,,,,,
87,フルカラープログラム（D.A style）,フルカラープログラム,50,style,2015/07/22,DUGOUT ACCIDENT,DUGOUTACCIDENT_20150722,,,,,,,,,
88,徹頭徹尾夜な夜なドライブ,徹頭徹尾夜な夜なドライブ,88,オリジナル,2015/07/22,DUGOUT ACCIDENT,DUGOUTACCIDENT_20150722,,,,,,,,,
89,ガリレオのショーケース（D.A style）,ガリレオのショーケース,3,style,2015/07/22,DUGOUT ACCIDENT,DUGOUTACCIDENT_20150722,,ガリレオのショーケース (D.A style),,,,,,,
90,"""23:25（D.A mix）""","""23:25""",29,mix,2015/07/22,DUGOUT ACCIDENT,DUGOUTACCIDENT_20150722,,,,,,,,,
91,夕凪、アンサンブル,夕凪、アンサンブル,91,オリジナル,2015/07/22,DUGOUT ACCIDENT,DUGOUTACCIDENT_20150722,,,,,,,,,
92,"kid, I like quartet（D.A mix）","kid, I like quartet",38,mix,2015/07/22,DUGOUT ACCIDENT,DUGOUTACCIDENT_20150722,,,,,,,,,
93,誰かが忘れているかもしれない僕らに大事な001のこと（D.A mix）,誰かが忘れているかもしれない僕らに大事な001のこと,49,mix,2015/07/22,DUGOUT ACCIDENT,DUGOUTACCIDENT_20150722,,誰かが忘れているかもしれない僕らに大事な001のこと (D.A mix),,,,,,,
94,未完成デイジー（D.A mix）,未完成デイジー,45,mix,2015/07/22,DUGOUT ACCIDENT,DUGOUTACCIDENT_20150722,,,,,,,,,
95,場違いハミングバード（D.A mix）,場違いハミングバード,44,mix,2015/07/22,DUGOUT ACCIDENT,DUGOUTACCIDENT_20150722,,,,,,,,,
96,箱庭ロック・ショー（D.A style）,箱庭ロック・ショー,14,style,2015/07/22,DUGOUT ACCIDENT,DUGOUTACCIDENT_20150722,,,,,,,,,
97,クローバー（D.A mix）,クローバー,15,mix,2015/07/22,DUGOUT ACCIDENT,DUGOUTACCIDENT_20150722,,,,,,,,,
98,プログラムcontinued,プログラムcontinued,98,オリジナル,2015/07/22,DUGOUT ACCIDENT,DUGOUTACCIDENT_20150722,,,,,,,,,
99,ユニゾンを解剖する。,ユニゾンを解剖する。,99,オリジナル,2016/07/06,Dr.Izzy,DrIzzy_6th_Album_20160706,,,,,,,,,
100,エアリアルエイリアン,エアリアルエイリアン,100,オリジナル,2016/07/06,Dr.Izzy,DrIzzy_6th_Album_20160706,,,,,,,,,
101,アトラクションがはじまる（they call it “NO.6”）,アトラクションがはじまる（they call it “NO.6”）,101,オリジナル,2016/07/06,Dr.Izzy,DrIzzy_6th_Album_20160706,,,,,,,,,
102,"マイノリティ・リポート（darling, I love you）","マイノリティ・リポート（darling, I love you）",102,オリジナル,2016/07/06,Dr.Izzy,DrIzzy_6th_Album_20160706,,,,,,,,,
103,オトノバ中間試験,オトノバ中間試験,103,オリジナル,2016/07/06,Dr.Izzy,DrIzzy_6th_Album_20160706,,,,,,,,,
104,"マジョリティ・リポート（darling, I love you）","マジョリティ・リポート（darling, I love you）",104,オリジナル,2016/07/06,Dr.Izzy,DrIzzy_6th_Album_20160706,,,,,,,,,
105,BUSTER DICE MISERY,BUSTER DICE MISERY,105,オリジナル,2016/07/06,Dr.Izzy,DrIzzy_6th_Album_20160706,,,,,,,,,
106,パンデミックサドンデス,パンデミックサドンデス,106,オリジナル,2016/07/06,Dr.Izzy,DrIzzy_6th_Album_20160706,,,,,,,,,
107,8月、昼中の流れ星と飛行機雲,8月、昼中の流れ星と飛行機雲,107,オリジナル,2016/07/06,Dr.Izzy,DrIzzy_6th_Album_20160706,,,,,,,,,
108,フライデイノベルス,フライデイノベルス,108,オリジナル,2016/07/06,Dr.Izzy,DrIzzy_6th_Album_20160706,,,,,,,,,
109,mix juiceのいうとおり,mix juiceのいうとおり,109,オリジナル,2016/07/06,Dr.Izzy,DrIzzy_6th_Album_20160706,,,,,,,,,
110,Cheap Cheap Endroll,Cheap Cheap Endroll,110,オリジナル,2016/07/06,Dr.Izzy,DrIzzy_6th_Album_20160706,,,,,,,,,
111,"10% roll, 10% romance","10% roll, 10% romance",111,オリジナル,2017/08/09,"10% roll, 10% romance",10roll10romance_11th_Single_20170809,,,,,,,,,
112,RUNNERS HIGH REPRISE,RUNNERS HIGH REPRISE,112,オリジナル,2017/08/09,"10% roll, 10% romance",10roll10romance_11th_Single_20170809,,,,,,,,,
113,flat song,flat song,113,オリジナル,2017/08/09,"10% roll, 10% romance",10roll10romance_11th_Single_20170809,,,,,,,,,
114,Invisible Sensation,Invisible Sensation,114,オリジナル,2017/11/08,Invisible Sensation,InvisibleSensation_12th_Single_20171108,,,,,,,,,
115,スノウループ,スノウループ,115,オリジナル,2017/11/08,Invisible Sensation,InvisibleSensation_12th_Single_20171108,,,,,,,,,
116,サンタクロースは渋滞中,サンタクロースは渋滞中,116,オリジナル,2017/11/08,Invisible Sensation,InvisibleSensation_12th_Single_20171108,,,,,,,,,
117,fake town baby,fake town baby,117,オリジナル,2017/11/15,fake town baby,faketownbaby_13th_Single_20171115,,,,,,,,,
118,リトルタイムストップ,リトルタイムストップ,118,オリジナル,2017/11/15,fake town baby,faketownbaby_13th_Single_20171115,,,,,,,,,
119,きみはいい子,きみはいい子,119,オリジナル,2017/11/15,fake town baby,faketownbaby_13th_Single_20171115,,,,,,,,,
120,OwnCivilization (nano-mile met),OwnCivilization (nano-mile met),120,オリジナル,2018/01/24,MODE MOOD MODE,MODEMOODMODE_7th_Album_20180124,,,,,,,,,
121,Dizzy Trickster,Dizzy Trickster,121,オリジナル,2018/01/24,MODE MOOD MODE,MODEMOODMODE_7th_Album_20180124,,,,,,,,,
122,オーケストラを観にいこう,オーケストラを観にいこう,122,オリジナル,2018/01/24,MODE MOOD MODE,MODEMOODMODE_7th_Album_20180124,,,,,,,,,
123,静謐甘美秋暮抒情,静謐甘美秋暮抒情,123,オリジナル,2018/01/24,MODE MOOD MODE,MODEMOODMODE_7th_Album_20180124,,,,,,,,,
124,Silent Libre Mirage,Silent Libre Mirage,124,オリジナル,2018/01/24,MODE MOOD MODE,MODEMOODMODE_7th_Album_20180124,,,,,,,,,
125,MIDNIGHT JUNGLE,MIDNIGHT JUNGLE,125,オリジナル,2018/01/24,MODE MOOD MODE,MODEMOODMODE_7th_Album_20180124,,,,,,,,,
126,フィクションフリーククライシス,フィクションフリーククライシス,126,オリジナル,2018/01/24,MODE MOOD MODE,MODEMOODMODE_7th_Album_20180124,,,,,,,,,
127,夢が覚めたら(at that river),夢が覚めたら(at that river),127,オリジナル,2018/01/24,MODE MOOD MODE,MODEMOODMODE_7th_Album_20180124,,,,,,,,,
128,君の瞳に恋してない,君の瞳に恋してない,128,オリジナル,2018/01/24,MODE MOOD MODE,MODEMOODMODE_7th_Album_20180124,,,,,,,,,
129,春が来てぼくら,春が来てぼくら,129,オリジナル,2018/03/07,春が来てぼくら,HarugaKite_14th_Single_20180307,,,,,,,,,
130,ラディアルナイトチェイサー,ラディアルナイトチェイサー,130,オリジナル,2018/03/07,春が来てぼくら,HarugaKite_14th_Single_20180307,,,,,,,,,
131,Micro Paradiso!,Micro Paradiso!,131,オリジナル,2018/03/07,春が来てぼくら,HarugaKite_14th_Single_20180307,,,,,,,,,
132,"Catch up, latency","Catch up, latency",132,オリジナル,2018/11/07,"Catch up, latency",Catchuplatency_15th_Single_20181107,,,,,,,,,
133,たらればわたがし,たらればわたがし,133,オリジナル,2018/11/07,"Catch up, latency",Catchuplatency_15th_Single_20181107,,,,,,,,,
134,ここで会ったがけもの道,ここで会ったがけもの道,134,オリジナル,2018/11/07,"Catch up, latency",Catchuplatency_15th_Single_20181107,,,,,,,,,
135,流星前夜,流星前夜,135,オリジナル,2019/07/03,流星前夜,RyuseiZennya_MINI_ALBUM_20190703,,,,,,,,,
136,水と雨について,水と雨について,136,オリジナル,2019/07/03,流星前夜,RyuseiZennya_MINI_ALBUM_20190703,,,,,,,,,
137,2月、白昼の流れ星と飛行機雲,2月、白昼の流れ星と飛行機雲,137,オリジナル,2019/07/03,流星前夜,RyuseiZennya_MINI_ALBUM_20190703,,,,,,,,,
138,MR. アンディ,MR. アンディ,138,オリジナル,2019/07/03,流星前夜,RyuseiZennya_MINI_ALBUM_20190703,,,,,,,,,
139,流星行路,流星行路,139,オリジナル,2019/07/03,流星前夜,RyuseiZennya_MINI_ALBUM_20190703,,,,,,,,,
140,アナザーワールド,アナザーワールド,140,オリジナル,2019/07/03,新世界ノート,ShinnSekaiNote_MINI_ALBUM_20190703,,,,,,,,,
141,サーチライト,サーチライト,141,オリジナル,2019/07/03,新世界ノート,ShinnSekaiNote_MINI_ALBUM_20190703,,,,,,,,,
142,ライトフライト,ライトフライト,142,オリジナル,2019/07/03,新世界ノート,ShinnSekaiNote_MINI_ALBUM_20190703,,,,,,,,,
143,5分後のスターダスト (B.C style),5分後のスターダスト,2,style,2019/07/03,Bee side Sea side ～B-side Collection Album～,BeesideSeaside_20190703,,,,,,,,,
144,一人思うは雨の中 (B.C mix),一人思うは雨の中,5,mix,2019/07/03,Bee side Sea side ～B-side Collection Album～,BeesideSeaside_20190703,,,,,,,,,
145,スノウリバース (B.C style),スノウリバース,6,style,2019/07/03,Bee side Sea side ～B-side Collection Album～,BeesideSeaside_20190703,,,,,,,,,
146,ギャクテンサヨナラ (B.C style),ギャクテンサヨナラ,17,style,2019/07/03,Bee side Sea side ～B-side Collection Album～,BeesideSeaside_20190703,,,,,,,,,
147,空の飛び方 (B.C mix),空の飛び方,18,mix,2019/07/03,Bee side Sea side ～B-side Collection Album～,BeesideSeaside_20190703,,,,,,,,,
148,僕は君になりたい (B.C mix),僕は君になりたい,34,mix,2019/07/03,Bee side Sea side ～B-side Collection Album～,BeesideSeaside_20190703,,,,,,,,,
149,UNOストーリー (B.C mix),UNOストーリー,35,mix,2019/07/03,Bee side Sea side ～B-side Collection Album～,BeesideSeaside_20190703,,,,,,,,,
150,over driver (B.C mix),over driver,36,mix,2019/07/03,Bee side Sea side ～B-side Collection Album～,BeesideSeaside_20190703,,,,,,,,,
151,さよならサマータイムマシン (B.C mix),さよならサマータイムマシン,48,mix,2019/07/03,Bee side Sea side ～B-side Collection Album～,BeesideSeaside_20190703,,,,,,,,,
152,三日月の夜の真ん中 (B.C mix),三日月の夜の真ん中,53,mix,2019/07/03,Bee side Sea side ～B-side Collection Album～,BeesideSeaside_20190703,,,,,,,,,
153,ノンフィクションコンパス (B.C mix),ノンフィクションコンパス,67,mix,2019/07/03,Bee side Sea side ～B-side Collection Album～,BeesideSeaside_20190703,,,,,,,,,
154,I wanna believe、夜を行く (B.C mix),I wanna believe、夜を行く,72,mix,2019/07/03,Bee side Sea side ～B-side Collection Album～,BeesideSeaside_20190703,,,,,,,,,
155,プログラムcontinued (15th style),プログラムcontinued (15th style),155,オリジナル,2019/07/03,Bee side Sea side ～B-side Collection Album～,BeesideSeaside_20190703,,,,,,,,,
156,Phantom Joke,Phantom Joke,156,オリジナル,2019/10/11,Phantom Joke,PhantomJoke_16th_Single_20191011,,,,,,,,,
157,ぼくたちのしっぱい,ぼくたちのしっぱい,157,オリジナル,2019/10/11,Phantom Joke,PhantomJoke_16th_Single_20191011,,,,,,,,,
158,mouth to mouse(sent you),mouth to mouse(sent you),158,オリジナル,2019/10/11,Phantom Joke,PhantomJoke_16th_Single_20191011,,,,,,,,,
159,Hatch I need,Hatch I need,159,オリジナル,2020/09/30,Patrick Vegee,PatrickVegee_8th_Album_20200930,,,,,,,,,
160,マーメイドスキャンダラス,マーメイドスキャンダラス,160,オリジナル,2020/09/30,Patrick Vegee,PatrickVegee_8th_Album_20200930,,,,,,,,,
161,スロウカーヴは打てない (that made me crazy),スロウカーヴは打てない (that made me crazy),161,オリジナル,2020/09/30,Patrick Vegee,PatrickVegee_8th_Album_20200930,,,,,,,,,
162,摂食ビジランテ,摂食ビジランテ,162,オリジナル,2020/09/30,Patrick Vegee,PatrickVegee_8th_Album_20200930,,,,,,,,,
163,夏影テールライト,夏影テールライト,163,オリジナル,2020/09/30,Patrick Vegee,PatrickVegee_8th_Album_20200930,,,,,,,,,
164,世界はファンシー,世界はファンシー,164,オリジナル,2020/09/30,Patrick Vegee,PatrickVegee_8th_Album_20200930,,,,,,,,,
165,弥生町ロンリープラネット,弥生町ロンリープラネット,165,オリジナル,2020/09/30,Patrick Vegee,PatrickVegee_8th_Album_20200930,,,,,,,,,
166,Simple Simple Anecdote,Simple Simple Anecdote,166,オリジナル,2020/09/30,Patrick Vegee,PatrickVegee_8th_Album_20200930,,,,,,,,,
167,101回目のプロローグ,101回目のプロローグ,167,オリジナル,2020/09/30,Patrick Vegee,PatrickVegee_8th_Album_20200930,,,,,,,,,
168,kaleido proud fiesta,kaleido proud fiesta,168,オリジナル,2022/04/13,kaleido proud fiesta,kaleidoproudfiesta_17th_Single_20220413,,,,,,,,,
169,ナノサイズスカイウォーク,ナノサイズスカイウォーク,169,オリジナル,2022/04/13,kaleido proud fiesta,kaleidoproudfiesta_17th_Single_20220413,,,,,,,,,
170,カオスが極まる,カオスが極まる,170,オリジナル,2022/10/19,カオスが極まる,ChaosGaKiwamaru_18th_Single_20221019,,,,,,,,,
171,放課後マリアージュ,放課後マリアージュ,171,オリジナル,2022/10/19,カオスが極まる,ChaosGaKiwamaru_18th_Single_20221019,,,,,,,,,
172,スペースシャトル・ララバイ,スペースシャトル・ララバイ,172,オリジナル,2023/04/12,Ninth Peel,Ninth_Peel_9th_Album_20230412,,,,,,,,,
173,恋する惑星,恋する惑星,173,オリジナル,2023/04/12,Ninth Peel,Ninth_Peel_9th_Album_20230412,,,,,,,,,
174,ミレニアムハッピー・チェーンソーエッヂ,ミレニアムハッピー・チェーンソーエッヂ,174,オリジナル,2023/04/12,Ninth Peel,Ninth_Peel_9th_Album_20230412,,,,,,,,,
175,City peel,City peel,175,オリジナル,2023/04/12,Ninth Peel,Ninth_Peel_9th_Album_20230412,,,,,,,,,
176,Nihil Pip Viper,Nihil Pip Viper,176,オリジナル,2023/04/12,Ninth Peel,Ninth_Peel_9th_Album_20230412,,,,,,,,,
177,Numbness like a ginger,Numbness like a ginger,177,オリジナル,2023/04/12,Ninth Peel,Ninth_Peel_9th_Album_20230412,,,,,,,,,
178,もう君に会えない,もう君に会えない,178,オリジナル,2023/04/12,Ninth Peel,Ninth_Peel_9th_Album_20230412,,,,,,,,,
179,アンチ・トレンディ・クラブ,アンチ・トレンディ・クラブ,179,オリジナル,2023/04/12,Ninth Peel,Ninth_Peel_9th_Album_20230412,,,,,,,,,
180,フレーズボトル・バイバイ,フレーズボトル・バイバイ,180,オリジナル,2023/04/12,Ninth Peel,Ninth_Peel_9th_Album_20230412,,,,,,,,,
181,いけないfool logic,いけないfool logic,181,オリジナル,2023/09/27,いけないfool logic,Ikenaifoollogic_19th_Single_20230927,,,,,,,,,
182,あまりに写実的な,あまりに写実的な,182,オリジナル,2023/09/27,いけないfool logic,Ikenaifoollogic_19th_Single_20230927,,,,,,,,,
183,星追い達の祈り,星追い達の祈り,183,オリジナル,2024/07/24,"20th ANNIVERSARY BEST SPECIAL BOX「SUB MACHINE, BEST MACHINE」",SUBMACHINEBESTMACHINE_20240724,,,,,,,,,
184,空の在処,空の在処,184,オリジナル,2024/07/24,"20th ANNIVERSARY BEST SPECIAL BOX「SUB MACHINE, BEST MACHINE」",SUBMACHINEBESTMACHINE_20240724,,,,,,,,,
185,レボリューションナンバーミー,レボリューションナンバーミー,185,オリジナル,2024/07/24,"20th ANNIVERSARY BEST SPECIAL BOX「SUB MACHINE, BEST MACHINE」",SUBMACHINEBESTMACHINE_20240724,,,,,,,,,
186,ミカエルは雲の上,ミカエルは雲の上,186,オリジナル,2024/07/24,"20th ANNIVERSARY BEST SPECIAL BOX「SUB MACHINE, BEST MACHINE」",SUBMACHINEBESTMACHINE_20240724,,,,,,,,,
187,ナツノヒ,ナツノヒ,187,オリジナル,2024/07/24,"20th ANNIVERSARY BEST SPECIAL BOX「SUB MACHINE, BEST MACHINE」",SUBMACHINEBESTMACHINE_20240724,,,,,,,,,
188,メロウ,メロウ,188,オリジナル,2024/07/24,"20th ANNIVERSARY BEST SPECIAL BOX「SUB MACHINE, BEST MACHINE」",SUBMACHINEBESTMACHINE_20240724,,,,,,,,,
189,カナシミトレイン,カナシミトレイン,189,オリジナル,2024/07/24,"20th ANNIVERSARY BEST SPECIAL BOX「SUB MACHINE, BEST MACHINE」",SUBMACHINEBESTMACHINE_20240724,,,,,,,,,
190,愛はきっと,愛はきっと,190,オリジナル,2024/07/24,"20th ANNIVERSARY BEST SPECIAL BOX「SUB MACHINE, BEST MACHINE」",SUBMACHINEBESTMACHINE_20240724,,,,,,,,,
191,月と天秤,月と天秤,191,オリジナル,2024/07/24,"20th ANNIVERSARY BEST SPECIAL BOX「SUB MACHINE, BEST MACHINE」",SUBMACHINEBESTMACHINE_20240724,,,,,,,,,
192,bad music disco,bad music disco,192,オリジナル,2024/07/24,"20th ANNIVERSARY BEST SPECIAL BOX「SUB MACHINE, BEST MACHINE」",SUBMACHINEBESTMACHINE_20240724,,,,,,,,,
193,ラズベリー、my dear,ラズベリー、my dear,193,オリジナル,2024/07/24,"20th ANNIVERSARY BEST SPECIAL BOX「SUB MACHINE, BEST MACHINE」",SUBMACHINEBESTMACHINE_20240724,,,,,,,,,
194,アナザーワールドエンド,アナザーワールドエンド,194,オリジナル,2024/07/24,"20th ANNIVERSARY BEST SPECIAL BOX「SUB MACHINE, BEST MACHINE」",SUBMACHINEBESTMACHINE_20240724,,,,,,,,,
195,センチメンタルピリオド (S.B style),センチメンタルピリオド,1,style,2024/07/24,"20th ANNIVERSARY BEST SPECIAL BOX「SUB MACHINE, BEST MACHINE」",SUBMACHINEBESTMACHINE_20240724,,,,,,,,,
196,マスターボリューム (S.B style),マスターボリューム,4,style,2024/07/24,"20th ANNIVERSARY BEST SPECIAL BOX「SUB MACHINE, BEST MACHINE」",SUBMACHINEBESTMACHINE_20240724,,,,,,,,,
197,MR. アンディ (S.B style),MR. アンディ,138,style,2024/07/24,"20th ANNIVERSARY BEST SPECIAL BOX「SUB MACHINE, BEST MACHINE」",SUBMACHINEBESTMACHINE_20240724,,,,,,,,,
198,cody beats (S.B style),cody beats,16,style,2024/07/24,"20th ANNIVERSARY BEST SPECIAL BOX「SUB MACHINE, BEST MACHINE」",SUBMACHINEBESTMACHINE_20240724,,,,,,,,,
199,スカースデイル (S.B style),スカースデイル,30,style,2024/07/24,"20th ANNIVERSARY BEST SPECIAL BOX「SUB MACHINE, BEST MACHINE」",SUBMACHINEBESTMACHINE_20240724,,,,,,,,,
200,オリオンをなぞる (S.B style),オリオンをなぞる,33,style,2024/07/24,"20th ANNIVERSARY BEST SPECIAL BOX「SUB MACHINE, BEST MACHINE」",SUBMACHINEBESTMACHINE_20240724,,,,,,,,,
201,流星のスコール (S.B mix),流星のスコール,47,mix,2024/07/24,"20th ANNIVERSARY BEST SPECIAL BOX「SUB MACHINE, BEST MACHINE」",SUBMACHINEBESTMACHINE_20240724,,,,,,,,,
202,傍若のカリスマ,傍若のカリスマ,202,オリジナル,2024/10/02,傍若のカリスマ,BoujakuNo_20th_Single_20241002,,,,,,,,,
203,憂鬱はプリンセス,憂鬱はプリンセス,203,オリジナル,2024/10/02,傍若のカリスマ,BoujakuNo_20th_Single_20241002,,,,,,,,,